{
  "mean": [
    0.0,
    0.0,
    0.0,
    -0.030150318518280983,
    -0.008396707475185394,
    -0.023829106241464615,
    -0.08818291872739792,
    -0.001454217592254281,
    -0.0667172521352768,
    -0.04912872985005379,
    -0.0009995821164920926,
    -0.045343171805143356,
    -0.09803234785795212,
    0.07326667010784149,
    -0.09449917078018188,
    -0.03722569718956947,
    0.013667667284607887,
    -0.044561322778463364,
    -0.0772164911031723,
    0.11380209773778915,
    0.0,
    0.0,
    0.0,
    -0.01928754895925522,
    -0.02123243734240532,
    -0.022744333371520042,
    -0.03596419841051102,
    -0.11796822398900986,
    -0.06710775941610336,
    -0.030209485441446304,
    -0.0525343157351017,
    -0.051446735858917236,
    -0.011526699177920818,
    -0.1562957763671875,
    -0.09543010592460632,
    -0.017679279670119286,
    -0.06036311760544777,
    -0.0501633882522583,
    0.008269217796623707,
    -0.13436834514141083,
    0.2170155942440033,
    0.278872549533844,
    0.26050958037376404,
    0.24492788314819336,
    0.22764341533184052,
    0.267960786819458,
    0.3116587996482849,
    0.25463083386421204,
    0.2342938482761383,
    0.2340802252292633,
    0.34869250655174255,
    0.4275798499584198,
    0.46336662769317627,
    0.48053890466690063,
    0.27716025710105896,
    0.31527817249298096,
    0.3669549524784088,
    0.4270661175251007,
    0.0,
    0.0,
    0.0,
    0.0,
    0.2874205708503723,
    0.33154234290122986,
    0.3589615821838379,
    0.44783130288124084,
    0.41325223445892334,
    0.38077735900878906,
    0.3634759485721588,
    0.41609102487564087,
    0.49693676829338074,
    0.3973933756351471,
    0.3537197411060333,
    0.3530426025390625,
    0.19822169840335846,
    0.23041242361068726,
    0.21606576442718506,
    0.19891946017742157,
    0.19544771313667297,
    0.24605430662631989,
    0.2784040570259094,
    0.24238483607769012,
    0.22142107784748077,
    0.22976917028427124,
    0.5580426454544067,
    0.620734453201294,
    0.581151008605957,
    0.5444639921188354,
    0.5227296352386475,
    0.6601636409759521,
    0.712533712387085,
    0.6484754681587219,
    0.5994566679000854,
    0.5919815897941589,
    0.5053949356079102,
    0.5053949356079102,
    0.5053949356079102,
    0.5053949356079102,
    0.5052022337913513,
    0.5523440837860107,
    0.5523440837860107,
    0.5523440837860107,
    0.5523440837860107,
    0.5523440837860107
  ],
  "std": [
    1.0,
    1.0,
    1.0,
    0.07999783754348755,
    0.10056112706661224,
    0.05631520226597786,
    0.26761525869369507,
    0.24898919463157654,
    0.13762764632701874,
    0.17588026821613312,
    0.20480364561080933,
    0.09287706017494202,
    0.2941873371601105,
    0.3418608009815216,
    0.1741747111082077,
    0.15755094587802887,
    0.2012796849012375,
    0.08663713186979294,
    0.2517358362674713,
    0.3492165207862854,
    1.0,
    1.0,
    1.0,
    0.08520445972681046,
    0.11743931472301483,
    0.0587041899561882,
    0.26244670152664185,
    0.33121830224990845,
    0.13796578347682953,
    0.2007775902748108,
    0.22524020075798035,
    0.09902435541152954,
    0.2861618101596832,
    0.3767220079898834,
    0.1816246062517166,
    0.18173439800739288,
    0.21038196980953217,
    0.09242381155490875,
    0.24160511791706085,
    0.311969518661499,
    0.3430585265159607,
    0.4241345524787903,
    0.4084509015083313,
    0.3900415003299713,
    0.35781633853912354,
    0.38148191571235657,
    0.43969476222991943,
    0.36996883153915405,
    0.3459271192550659,
    0.34726446866989136,
    0.6357229351997375,
    0.7849401235580444,
    0.8295801281929016,
    0.8384264707565308,
    0.4759267568588257,
    0.5400247573852539,
    0.5973495841026306,
    0.6840858459472656,
    1.0,
    1.0,
    1.0,
    1.0,
    0.43582791090011597,
    0.4572851359844208,
    0.28568997979164124,
    0.34693822264671326,
    0.34278926253318787,
    0.331065833568573,
    0.30290284752845764,
    0.2750757038593292,
    0.3241775929927826,
    0.26780664920806885,
    0.24998171627521515,
    0.24043896794319153,
    0.15534202754497528,
    0.1829819530248642,
    0.17682960629463196,
    0.16155794262886047,
    0.15433518588542938,
    0.14824774861335754,
    0.17915156483650208,
    0.15753033757209778,
    0.1432121843099594,
    0.14851008355617523,
    0.3962259888648987,
    0.4418109059333801,
    0.4328474700450897,
    0.4114421010017395,
    0.387310653924942,
    0.36424702405929565,
    0.4106890857219696,
    0.3808749318122864,
    0.3661593496799469,
    0.3562622368335724,
    0.3787052631378174,
    0.3787052631378174,
    0.3787052631378174,
    0.3787052631378174,
    0.37858057022094727,
    0.3360046148300171,
    0.3360046148300171,
    0.3360046148300171,
    0.3360046148300171,
    0.3360046148300171
  ]
}