{"mean": [0.0, 0.0, 0.0, -0.019387582316994667, -0.002821323461830616, -0.024444572627544403, -0.04610629007220268, 0.02273048274219036, -0.06784114241600037, -0.030669735744595528, 0.012534086592495441, -0.04941711947321892, -0.04052676633000374, 0.07796639949083328, -0.09427475929260254, -0.02224935218691826, 0.022445645183324814, -0.04695291072130203, -0.027433892711997032, 0.0972064808011055, 0.0, 0.0, 0.0, -0.015192769467830658, -0.03955402225255966, -0.023020127788186073, -0.01238543912768364, -0.12699194252490997, -0.06781690567731857, -0.024546248838305473, -0.058032989501953125, -0.05457530915737152, -0.0033967411145567894, -0.13758866488933563, -0.09723865240812302, -0.013989273458719254, -0.04668092727661133, -0.05311613157391548, 0.019903024658560753, -0.11422022432088852, 0.2358357161283493, 0.2794724106788635, 0.2626706659793854, 0.23972594738006592, 0.2231287956237793, 0.2796476483345032, 0.3214327096939087, 0.2709115743637085, 0.2384561151266098, 0.2298334240913391, 0.2968902289867401, 0.3692163825035095, 0.40042850375175476, 0.42928415536880493, 0.2697131633758545, 0.2885063588619232, 0.33224958181381226, 0.38240915536880493, 0.0, 0.0, 0.0, 0.0, 0.2886546850204468, 0.3355218470096588, 0.3930036723613739, 0.4606809616088867, 0.42014750838279724, 0.37698790431022644, 0.35282424092292786, 0.46097126603126526, 0.5270804762840271, 0.44874727725982666, 0.39326781034469604, 0.37747737765312195, 0.2461584210395813, 0.2733120024204254, 0.2550818622112274, 0.23672142624855042, 0.22598397731781006, 0.2669444680213928, 0.2863486111164093, 0.26178428530693054, 0.24060676991939545, 0.23833587765693665, 0.6453949809074402, 0.6944552063941956, 0.6544952392578125, 0.6126968264579773, 0.5880786776542664, 0.684341311454773, 0.7210301756858826, 0.6706127524375916, 0.6233939528465271, 0.6158892512321472, 0.5132138729095459, 0.5132138729095459, 0.5132138729095459, 0.5132138729095459, 0.5132138729095459, 0.592038094997406, 0.592038094997406, 0.592038094997406, 0.592038094997406, 0.592038094997406], "std": [1.0, 1.0, 1.0, 0.07750098407268524, 0.12580880522727966, 0.061232373118400574, 0.24537044763565063, 0.32041746377944946, 0.14772015810012817, 0.17002059519290924, 0.2343605011701584, 0.10597116500139236, 0.2727685570716858, 0.3633415102958679, 0.182972252368927, 0.1589764952659607, 0.2174147367477417, 0.09597387164831161, 0.2562740445137024, 0.35331493616104126, 1.0, 1.0, 1.0, 0.08667931705713272, 0.1320623755455017, 0.058161500841379166, 0.2571289837360382, 0.35511070489883423, 0.1350615918636322, 0.19792060554027557, 0.24301302433013916, 0.10273932665586472, 0.29982030391693115, 0.38586941361427307, 0.17815347015857697, 0.18181215226650238, 0.22576263546943665, 0.09636027365922928, 0.25347083806991577, 0.3376751244068146, 0.36921706795692444, 0.4223761260509491, 0.4043302536010742, 0.37626805901527405, 0.35070738196372986, 0.3913264274597168, 0.44227007031440735, 0.3829972445964813, 0.34473058581352234, 0.3349630534648895, 0.587878942489624, 0.7178959250450134, 0.7659355401992798, 0.7872360348701477, 0.4552766680717468, 0.5097176432609558, 0.5622211694717407, 0.6310839653015137, 1.0, 1.0, 1.0, 1.0, 0.43486839532852173, 0.4565707743167877, 0.28306740522384644, 0.3220202922821045, 0.30957910418510437, 0.28691622614860535, 0.2640352249145508, 0.26957011222839355, 0.3077964782714844, 0.2668033242225647, 0.23871926963329315, 0.2251380980014801, 0.16216257214546204, 0.17825567722320557, 0.16860024631023407, 0.15508922934532166, 0.1464516520500183, 0.15431347489356995, 0.17132943868637085, 0.15565495193004608, 0.14378750324249268, 0.1386125534772873, 0.3862743675708771, 0.41091009974479675, 0.3958950340747833, 0.3726520836353302, 0.35705801844596863, 0.36228489875793457, 0.392388254404068, 0.361005574464798, 0.3448726534843445, 0.3363134562969208, 0.34717798233032227, 0.34717798233032227, 0.34717798233032227, 0.34717798233032227, 0.34717798233032227, 0.31944629549980164, 0.31944629549980164, 0.31944629549980164, 0.31944629549980164, 0.31944629549980164]}