{"mean": [0.0, 0.0, 0.0, -0.02892422489821911, -0.01897343248128891, -0.01844855025410652, -0.10970388352870941, -0.026546938344836235, -0.058341749012470245, -0.057525333017110825, -0.0325755849480629, -0.04886982589960098, -0.1242639422416687, 0.018510926514863968, -0.09341857582330704, -0.047426655888557434, -0.016655033454298973, -0.04938937723636627, -0.10323449969291687, 0.051424745470285416, 0.0, 0.0, 0.0, -0.017619067803025246, -0.035461023449897766, -0.031420208513736725, -0.009475870057940483, -0.1396097093820572, -0.08287002146244049, -0.007530752569437027, -0.05489446595311165, -0.06912153959274292, -0.008874990977346897, -0.13971199095249176, -0.12528713047504425, 0.006912005599588156, -0.05473311245441437, -0.06253380328416824, 0.03205115348100662, -0.1519821733236313, 0.22626911103725433, 0.2783273160457611, 0.25316229462623596, 0.23295053839683533, 0.21454685926437378, 0.27942025661468506, 0.352673202753067, 0.287252277135849, 0.25569456815719604, 0.23600007593631744, 0.28844577074050903, 0.3483312427997589, 0.3768916130065918, 0.39844828844070435, 0.34358638525009155, 0.29411184787750244, 0.3360607326030731, 0.3741164207458496, 0.0, 0.0, 0.0, 0.0, 0.28502750396728516, 0.345396488904953, 0.3561413884162903, 0.42970219254493713, 0.38644054532051086, 0.3520927131175995, 0.332807719707489, 0.4167966842651367, 0.5119820237159729, 0.4168756902217865, 0.36333808302879333, 0.34342196583747864, 0.19895333051681519, 0.21927157044410706, 0.2030174285173416, 0.18612545728683472, 0.18134813010692596, 0.22666850686073303, 0.2542695105075836, 0.22794470191001892, 0.20530563592910767, 0.20217059552669525, 0.5127560496330261, 0.5583322048187256, 0.5177248120307922, 0.47758808732032776, 0.4521988332271576, 0.5838340520858765, 0.6449483633041382, 0.5973851084709167, 0.5476121306419373, 0.5263733863830566, 0.4773942232131958, 0.4773942232131958, 0.4773942232131958, 0.4773942232131958, 0.4772605001926422, 0.5498260855674744, 0.5498260855674744, 0.5498260855674744, 0.5498260855674744, 0.5498260855674744], "std": [1.0, 1.0, 1.0, 0.0773940160870552, 0.12952646613121033, 0.04806487634778023, 0.26456406712532043, 0.27671629190444946, 0.12826356291770935, 0.1651882529258728, 0.2122986912727356, 0.10396523028612137, 0.30887550115585327, 0.32790660858154297, 0.1785736232995987, 0.1526864618062973, 0.18608638644218445, 0.09813273698091507, 0.2820160984992981, 0.31686487793922424, 1.0, 1.0, 1.0, 0.08307211846113205, 0.1151970773935318, 0.07314992696046829, 0.26462310552597046, 0.3211718201637268, 0.1543945074081421, 0.19354890286922455, 0.2249266356229782, 0.12118127942085266, 0.37113723158836365, 0.3566604256629944, 0.2076859325170517, 0.18124645948410034, 0.21748533844947815, 0.10534393787384033, 0.2624024748802185, 0.33283907175064087, 0.3577197790145874, 0.4264518916606903, 0.40114349126815796, 0.37517061829566956, 0.341086745262146, 0.38129669427871704, 0.4679742455482483, 0.3942042589187622, 0.3577922582626343, 0.329758882522583, 0.5394652485847473, 0.6555813550949097, 0.69347083568573, 0.7082852125167847, 0.5337777137756348, 0.5285024642944336, 0.565394401550293, 0.5842280387878418, 1.0, 1.0, 1.0, 1.0, 0.4375096261501312, 0.4591168761253357, 0.29568639397621155, 0.3542446494102478, 0.3390028476715088, 0.3213953375816345, 0.29265284538269043, 0.28615185618400574, 0.34928372502326965, 0.29392069578170776, 0.2653563916683197, 0.24300912022590637, 0.16957645118236542, 0.19074220955371857, 0.1823887974023819, 0.16550958156585693, 0.15790104866027832, 0.15975706279277802, 0.19056127965450287, 0.16427086293697357, 0.14804667234420776, 0.14415763318538666, 0.40634748339653015, 0.4542926549911499, 0.4372446537017822, 0.4071193039417267, 0.3787875771522522, 0.38455191254615784, 0.4399784505367279, 0.3995533883571625, 0.37823912501335144, 0.35995009541511536, 0.3805091083049774, 0.3805091083049774, 0.3805091083049774, 0.3805091083049774, 0.3804280459880829, 0.3575038015842438, 0.3575038015842438, 0.3575038015842438, 0.3575038015842438, 0.3575038015842438]}